params,total_return,cagr,max_drawdown,sharpe_ratio,num_trades,final_value,benchmark_return,benchmark_max_drawdown,excess_return,success,error,equity_symbol,equity_allocation,leap_allocation,leap_delta,leap_expiration_months
"{'start_date': '2020-01-01', 'end_date': '2025-12-31', 'initial_capital': 100000, 'use_simulation': False, 'monthly_withdrawal': 0, 'use_wheel_strategy': False, 'wheel_allocation': 0, 'wheel_ma_short': 10, 'wheel_ma_long': 30, 'rebalance_delta': 5.0, 'equity_down_trigger': 10.0, 'equity_up_trigger': 15.0, 'profit_limit_6m': 100.0, 'loss_limit_6m': 60.0, 'profit_limit_3m': 30.0, 'loss_limit_3m': 20.0, 'profit_limit_0m': 10.0, 'loss_limit_0m': 20.0, 'equity_symbol': 'TSLA', 'equity_allocation': 60, 'leap_allocation': 30, 'leap_delta': 0.4, 'leap_expiration_months': 12}",5016.75,92.71,90.53,1.06,667,5116749.2,1484.26298,73.63221706393298,3532.48702,True,,TSLA,60,30,0.4,12
"{'start_date': '2020-01-01', 'end_date': '2025-12-31', 'initial_capital': 100000, 'use_simulation': False, 'monthly_withdrawal': 0, 'use_wheel_strategy': False, 'wheel_allocation': 0, 'wheel_ma_short': 10, 'wheel_ma_long': 30, 'rebalance_delta': 5.0, 'equity_down_trigger': 10.0, 'equity_up_trigger': 15.0, 'profit_limit_6m': 100.0, 'loss_limit_6m': 60.0, 'profit_limit_3m': 30.0, 'loss_limit_3m': 20.0, 'profit_limit_0m': 10.0, 'loss_limit_0m': 20.0, 'equity_symbol': 'TSLA', 'equity_allocation': 60, 'leap_allocation': 30, 'leap_delta': 0.5, 'leap_expiration_months': 18}",4734.78,90.89,86.69,1.04,535,4834777.85,1484.26298,73.63221706393298,3250.51702,True,,TSLA,60,30,0.5,18
"{'start_date': '2020-01-01', 'end_date': '2025-12-31', 'initial_capital': 100000, 'use_simulation': False, 'monthly_withdrawal': 0, 'use_wheel_strategy': False, 'wheel_allocation': 0, 'wheel_ma_short': 10, 'wheel_ma_long': 30, 'rebalance_delta': 5.0, 'equity_down_trigger': 10.0, 'equity_up_trigger': 15.0, 'profit_limit_6m': 100.0, 'loss_limit_6m': 60.0, 'profit_limit_3m': 30.0, 'loss_limit_3m': 20.0, 'profit_limit_0m': 10.0, 'loss_limit_0m': 20.0, 'equity_symbol': 'TSLA', 'equity_allocation': 60, 'leap_allocation': 30, 'leap_delta': 0.5, 'leap_expiration_months': 12}",3294.11,79.96,89.12,1.02,557,3394109.55,1484.26298,73.63221706393298,1809.8470200000002,True,,TSLA,60,30,0.5,12
"{'start_date': '2020-01-01', 'end_date': '2025-12-31', 'initial_capital': 100000, 'use_simulation': False, 'monthly_withdrawal': 0, 'use_wheel_strategy': False, 'wheel_allocation': 0, 'wheel_ma_short': 10, 'wheel_ma_long': 30, 'rebalance_delta': 5.0, 'equity_down_trigger': 10.0, 'equity_up_trigger': 15.0, 'profit_limit_6m': 100.0, 'loss_limit_6m': 60.0, 'profit_limit_3m': 30.0, 'loss_limit_3m': 20.0, 'profit_limit_0m': 10.0, 'loss_limit_0m': 20.0, 'equity_symbol': 'TSLA', 'equity_allocation': 60, 'leap_allocation': 30, 'leap_delta': 0.4, 'leap_expiration_months': 18}",5767.05,97.15,85.91,1.07,633,5867045.62,1484.26298,73.63221706393298,4282.78702,True,,TSLA,60,30,0.4,18
"{'start_date': '2020-01-01', 'end_date': '2025-12-31', 'initial_capital': 100000, 'use_simulation': False, 'monthly_withdrawal': 0, 'use_wheel_strategy': False, 'wheel_allocation': 0, 'wheel_ma_short': 10, 'wheel_ma_long': 30, 'rebalance_delta': 5.0, 'equity_down_trigger': 10.0, 'equity_up_trigger': 15.0, 'profit_limit_6m': 100.0, 'loss_limit_6m': 60.0, 'profit_limit_3m': 30.0, 'loss_limit_3m': 20.0, 'profit_limit_0m': 10.0, 'loss_limit_0m': 20.0, 'equity_symbol': 'TSLA', 'equity_allocation': 60, 'leap_allocation': 30, 'leap_delta': 0.6, 'leap_expiration_months': 12}",3080.42,78.02,88.53,1.01,470,3180419.92,1484.26298,73.63221706393298,1596.15702,True,,TSLA,60,30,0.6,12
"{'start_date': '2020-01-01', 'end_date': '2025-12-31', 'initial_capital': 100000, 'use_simulation': False, 'monthly_withdrawal': 0, 'use_wheel_strategy': False, 'wheel_allocation': 0, 'wheel_ma_short': 10, 'wheel_ma_long': 30, 'rebalance_delta': 5.0, 'equity_down_trigger': 10.0, 'equity_up_trigger': 15.0, 'profit_limit_6m': 100.0, 'loss_limit_6m': 60.0, 'profit_limit_3m': 30.0, 'loss_limit_3m': 20.0, 'profit_limit_0m': 10.0, 'loss_limit_0m': 20.0, 'equity_symbol': 'TSLA', 'equity_allocation': 60, 'leap_allocation': 30, 'leap_delta': 0.6, 'leap_expiration_months': 18}",2071.86,67.05,84.75,0.96,470,2171864.54,1484.26298,73.63221706393298,587.5970200000002,True,,TSLA,60,30,0.6,18
"{'start_date': '2020-01-01', 'end_date': '2025-12-31', 'initial_capital': 100000, 'use_simulation': False, 'monthly_withdrawal': 0, 'use_wheel_strategy': False, 'wheel_allocation': 0, 'wheel_ma_short': 10, 'wheel_ma_long': 30, 'rebalance_delta': 5.0, 'equity_down_trigger': 10.0, 'equity_up_trigger': 15.0, 'profit_limit_6m': 100.0, 'loss_limit_6m': 60.0, 'profit_limit_3m': 30.0, 'loss_limit_3m': 20.0, 'profit_limit_0m': 10.0, 'loss_limit_0m': 20.0, 'equity_symbol': 'TSLA', 'equity_allocation': 60, 'leap_allocation': 35, 'leap_delta': 0.4, 'leap_expiration_months': 12}",3513.44,81.85,94.54,1.03,697,3613442.89,1484.26298,73.63221706393298,2029.17702,True,,TSLA,60,35,0.4,12
"{'start_date': '2020-01-01', 'end_date': '2025-12-31', 'initial_capital': 100000, 'use_simulation': False, 'monthly_withdrawal': 0, 'use_wheel_strategy': False, 'wheel_allocation': 0, 'wheel_ma_short': 10, 'wheel_ma_long': 30, 'rebalance_delta': 5.0, 'equity_down_trigger': 10.0, 'equity_up_trigger': 15.0, 'profit_limit_6m': 100.0, 'loss_limit_6m': 60.0, 'profit_limit_3m': 30.0, 'loss_limit_3m': 20.0, 'profit_limit_0m': 10.0, 'loss_limit_0m': 20.0, 'equity_symbol': 'TSLA', 'equity_allocation': 60, 'leap_allocation': 35, 'leap_delta': 0.4, 'leap_expiration_months': 18}",4602.93,90.02,90.15,1.05,684,4702929.22,1484.26298,73.63221706393298,3118.6670200000003,True,,TSLA,60,35,0.4,18
"{'start_date': '2020-01-01', 'end_date': '2025-12-31', 'initial_capital': 100000, 'use_simulation': False, 'monthly_withdrawal': 0, 'use_wheel_strategy': False, 'wheel_allocation': 0, 'wheel_ma_short': 10, 'wheel_ma_long': 30, 'rebalance_delta': 5.0, 'equity_down_trigger': 10.0, 'equity_up_trigger': 15.0, 'profit_limit_6m': 100.0, 'loss_limit_6m': 60.0, 'profit_limit_3m': 30.0, 'loss_limit_3m': 20.0, 'profit_limit_0m': 10.0, 'loss_limit_0m': 20.0, 'equity_symbol': 'TSLA', 'equity_allocation': 60, 'leap_allocation': 35, 'leap_delta': 0.5, 'leap_expiration_months': 12}",2786.84,75.17,92.59,1.01,586,2886839.2,1484.26298,73.63221706393298,1302.5770200000002,True,,TSLA,60,35,0.5,12
"{'start_date': '2020-01-01', 'end_date': '2025-12-31', 'initial_capital': 100000, 'use_simulation': False, 'monthly_withdrawal': 0, 'use_wheel_strategy': False, 'wheel_allocation': 0, 'wheel_ma_short': 10, 'wheel_ma_long': 30, 'rebalance_delta': 5.0, 'equity_down_trigger': 10.0, 'equity_up_trigger': 15.0, 'profit_limit_6m': 100.0, 'loss_limit_6m': 60.0, 'profit_limit_3m': 30.0, 'loss_limit_3m': 20.0, 'profit_limit_0m': 10.0, 'loss_limit_0m': 20.0, 'equity_symbol': 'TSLA', 'equity_allocation': 60, 'leap_allocation': 35, 'leap_delta': 0.5, 'leap_expiration_months': 18}",4100.87,86.47,90.7,1.02,573,4200867.83,1484.26298,73.63221706393298,2616.60702,True,,TSLA,60,35,0.5,18
"{'start_date': '2020-01-01', 'end_date': '2025-12-31', 'initial_capital': 100000, 'use_simulation': False, 'monthly_withdrawal': 0, 'use_wheel_strategy': False, 'wheel_allocation': 0, 'wheel_ma_short': 10, 'wheel_ma_long': 30, 'rebalance_delta': 5.0, 'equity_down_trigger': 10.0, 'equity_up_trigger': 15.0, 'profit_limit_6m': 100.0, 'loss_limit_6m': 60.0, 'profit_limit_3m': 30.0, 'loss_limit_3m': 20.0, 'profit_limit_0m': 10.0, 'loss_limit_0m': 20.0, 'equity_symbol': 'TSLA', 'equity_allocation': 60, 'leap_allocation': 35, 'leap_delta': 0.6, 'leap_expiration_months': 12}",2820.04,75.5,91.67,1.0,516,2920036.0,1484.26298,73.63221706393298,1335.77702,True,,TSLA,60,35,0.6,12
"{'start_date': '2020-01-01', 'end_date': '2025-12-31', 'initial_capital': 100000, 'use_simulation': False, 'monthly_withdrawal': 0, 'use_wheel_strategy': False, 'wheel_allocation': 0, 'wheel_ma_short': 10, 'wheel_ma_long': 30, 'rebalance_delta': 5.0, 'equity_down_trigger': 10.0, 'equity_up_trigger': 15.0, 'profit_limit_6m': 100.0, 'loss_limit_6m': 60.0, 'profit_limit_3m': 30.0, 'loss_limit_3m': 20.0, 'profit_limit_0m': 10.0, 'loss_limit_0m': 20.0, 'equity_symbol': 'TSLA', 'equity_allocation': 60, 'leap_allocation': 35, 'leap_delta': 0.6, 'leap_expiration_months': 18}",1758.32,62.77,88.8,0.94,481,1858316.09,1484.26298,73.63221706393298,274.05701999999997,True,,TSLA,60,35,0.6,18
"{'start_date': '2020-01-01', 'end_date': '2025-12-31', 'initial_capital': 100000, 'use_simulation': False, 'monthly_withdrawal': 0, 'use_wheel_strategy': False, 'wheel_allocation': 0, 'wheel_ma_short': 10, 'wheel_ma_long': 30, 'rebalance_delta': 5.0, 'equity_down_trigger': 10.0, 'equity_up_trigger': 15.0, 'profit_limit_6m': 100.0, 'loss_limit_6m': 60.0, 'profit_limit_3m': 30.0, 'loss_limit_3m': 20.0, 'profit_limit_0m': 10.0, 'loss_limit_0m': 20.0, 'equity_symbol': 'TSLA', 'equity_allocation': 50, 'leap_allocation': 35, 'leap_delta': 0.4, 'leap_expiration_months': 12}",3849.99,84.57,93.01,1.03,713,3949990.37,1484.26298,73.63221706393298,2365.72702,True,,TSLA,50,35,0.4,12
"{'start_date': '2020-01-01', 'end_date': '2025-12-31', 'initial_capital': 100000, 'use_simulation': False, 'monthly_withdrawal': 0, 'use_wheel_strategy': False, 'wheel_allocation': 0, 'wheel_ma_short': 10, 'wheel_ma_long': 30, 'rebalance_delta': 5.0, 'equity_down_trigger': 10.0, 'equity_up_trigger': 15.0, 'profit_limit_6m': 100.0, 'loss_limit_6m': 60.0, 'profit_limit_3m': 30.0, 'loss_limit_3m': 20.0, 'profit_limit_0m': 10.0, 'loss_limit_0m': 20.0, 'equity_symbol': 'TSLA', 'equity_allocation': 50, 'leap_allocation': 35, 'leap_delta': 0.4, 'leap_expiration_months': 18}",4663.49,90.42,88.51,1.05,654,4763488.95,1484.26298,73.63221706393298,3179.22702,True,,TSLA,50,35,0.4,18
"{'start_date': '2020-01-01', 'end_date': '2025-12-31', 'initial_capital': 100000, 'use_simulation': False, 'monthly_withdrawal': 0, 'use_wheel_strategy': False, 'wheel_allocation': 0, 'wheel_ma_short': 10, 'wheel_ma_long': 30, 'rebalance_delta': 5.0, 'equity_down_trigger': 10.0, 'equity_up_trigger': 15.0, 'profit_limit_6m': 100.0, 'loss_limit_6m': 60.0, 'profit_limit_3m': 30.0, 'loss_limit_3m': 20.0, 'profit_limit_0m': 10.0, 'loss_limit_0m': 20.0, 'equity_symbol': 'TSLA', 'equity_allocation': 50, 'leap_allocation': 35, 'leap_delta': 0.5, 'leap_expiration_months': 12}",2716.49,74.45,91.18,1.0,599,2816485.91,1484.26298,73.63221706393298,1232.2270199999998,True,,TSLA,50,35,0.5,12
"{'start_date': '2020-01-01', 'end_date': '2025-12-31', 'initial_capital': 100000, 'use_simulation': False, 'monthly_withdrawal': 0, 'use_wheel_strategy': False, 'wheel_allocation': 0, 'wheel_ma_short': 10, 'wheel_ma_long': 30, 'rebalance_delta': 5.0, 'equity_down_trigger': 10.0, 'equity_up_trigger': 15.0, 'profit_limit_6m': 100.0, 'loss_limit_6m': 60.0, 'profit_limit_3m': 30.0, 'loss_limit_3m': 20.0, 'profit_limit_0m': 10.0, 'loss_limit_0m': 20.0, 'equity_symbol': 'TSLA', 'equity_allocation': 50, 'leap_allocation': 35, 'leap_delta': 0.5, 'leap_expiration_months': 18}",4245.03,87.53,88.52,1.02,555,4345034.96,1484.26298,73.63221706393298,2760.76702,True,,TSLA,50,35,0.5,18
"{'start_date': '2020-01-01', 'end_date': '2025-12-31', 'initial_capital': 100000, 'use_simulation': False, 'monthly_withdrawal': 0, 'use_wheel_strategy': False, 'wheel_allocation': 0, 'wheel_ma_short': 10, 'wheel_ma_long': 30, 'rebalance_delta': 5.0, 'equity_down_trigger': 10.0, 'equity_up_trigger': 15.0, 'profit_limit_6m': 100.0, 'loss_limit_6m': 60.0, 'profit_limit_3m': 30.0, 'loss_limit_3m': 20.0, 'profit_limit_0m': 10.0, 'loss_limit_0m': 20.0, 'equity_symbol': 'TSLA', 'equity_allocation': 50, 'leap_allocation': 35, 'leap_delta': 0.6, 'leap_expiration_months': 12}",2856.42,75.87,90.0,0.99,512,2956419.44,1484.26298,73.63221706393298,1372.15702,True,,TSLA,50,35,0.6,12
"{'start_date': '2020-01-01', 'end_date': '2025-12-31', 'initial_capital': 100000, 'use_simulation': False, 'monthly_withdrawal': 0, 'use_wheel_strategy': False, 'wheel_allocation': 0, 'wheel_ma_short': 10, 'wheel_ma_long': 30, 'rebalance_delta': 5.0, 'equity_down_trigger': 10.0, 'equity_up_trigger': 15.0, 'profit_limit_6m': 100.0, 'loss_limit_6m': 60.0, 'profit_limit_3m': 30.0, 'loss_limit_3m': 20.0, 'profit_limit_0m': 10.0, 'loss_limit_0m': 20.0, 'equity_symbol': 'TSLA', 'equity_allocation': 50, 'leap_allocation': 35, 'leap_delta': 0.6, 'leap_expiration_months': 18}",1631.19,60.86,87.07,0.93,477,1731192.18,1484.26298,73.63221706393298,146.92702000000008,True,,TSLA,50,35,0.6,18
"{'start_date': '2020-01-01', 'end_date': '2025-12-31', 'initial_capital': 100000, 'use_simulation': False, 'monthly_withdrawal': 0, 'use_wheel_strategy': False, 'wheel_allocation': 0, 'wheel_ma_short': 10, 'wheel_ma_long': 30, 'rebalance_delta': 5.0, 'equity_down_trigger': 10.0, 'equity_up_trigger': 15.0, 'profit_limit_6m': 100.0, 'loss_limit_6m': 60.0, 'profit_limit_3m': 30.0, 'loss_limit_3m': 20.0, 'profit_limit_0m': 10.0, 'loss_limit_0m': 20.0, 'equity_symbol': 'TSLA', 'equity_allocation': 65, 'leap_allocation': 25, 'leap_delta': 0.4, 'leap_expiration_months': 12}",5076.74,93.08,88.75,1.06,605,5176741.98,1484.26298,73.63221706393298,3592.47702,True,,TSLA,65,25,0.4,12
"{'start_date': '2020-01-01', 'end_date': '2025-12-31', 'initial_capital': 100000, 'use_simulation': False, 'monthly_withdrawal': 0, 'use_wheel_strategy': False, 'wheel_allocation': 0, 'wheel_ma_short': 10, 'wheel_ma_long': 30, 'rebalance_delta': 5.0, 'equity_down_trigger': 10.0, 'equity_up_trigger': 15.0, 'profit_limit_6m': 100.0, 'loss_limit_6m': 60.0, 'profit_limit_3m': 30.0, 'loss_limit_3m': 20.0, 'profit_limit_0m': 10.0, 'loss_limit_0m': 20.0, 'equity_symbol': 'TSLA', 'equity_allocation': 65, 'leap_allocation': 25, 'leap_delta': 0.4, 'leap_expiration_months': 18}",6222.47,99.63,81.9,1.1,590,6322470.82,1484.26298,73.63221706393298,4738.20702,True,,TSLA,65,25,0.4,18
"{'start_date': '2020-01-01', 'end_date': '2025-12-31', 'initial_capital': 100000, 'use_simulation': False, 'monthly_withdrawal': 0, 'use_wheel_strategy': False, 'wheel_allocation': 0, 'wheel_ma_short': 10, 'wheel_ma_long': 30, 'rebalance_delta': 5.0, 'equity_down_trigger': 10.0, 'equity_up_trigger': 15.0, 'profit_limit_6m': 100.0, 'loss_limit_6m': 60.0, 'profit_limit_3m': 30.0, 'loss_limit_3m': 20.0, 'profit_limit_0m': 10.0, 'loss_limit_0m': 20.0, 'equity_symbol': 'TSLA', 'equity_allocation': 65, 'leap_allocation': 25, 'leap_delta': 0.5, 'leap_expiration_months': 12}",3815.23,84.3,85.37,1.05,539,3915233.51,1484.26298,73.63221706393298,2330.96702,True,,TSLA,65,25,0.5,12
"{'start_date': '2020-01-01', 'end_date': '2025-12-31', 'initial_capital': 100000, 'use_simulation': False, 'monthly_withdrawal': 0, 'use_wheel_strategy': False, 'wheel_allocation': 0, 'wheel_ma_short': 10, 'wheel_ma_long': 30, 'rebalance_delta': 5.0, 'equity_down_trigger': 10.0, 'equity_up_trigger': 15.0, 'profit_limit_6m': 100.0, 'loss_limit_6m': 60.0, 'profit_limit_3m': 30.0, 'loss_limit_3m': 20.0, 'profit_limit_0m': 10.0, 'loss_limit_0m': 20.0, 'equity_symbol': 'TSLA', 'equity_allocation': 65, 'leap_allocation': 25, 'leap_delta': 0.5, 'leap_expiration_months': 18}",4101.82,86.48,83.7,1.04,484,4201824.6,1484.26298,73.63221706393298,2617.5570199999997,True,,TSLA,65,25,0.5,18
"{'start_date': '2020-01-01', 'end_date': '2025-12-31', 'initial_capital': 100000, 'use_simulation': False, 'monthly_withdrawal': 0, 'use_wheel_strategy': False, 'wheel_allocation': 0, 'wheel_ma_short': 10, 'wheel_ma_long': 30, 'rebalance_delta': 5.0, 'equity_down_trigger': 10.0, 'equity_up_trigger': 15.0, 'profit_limit_6m': 100.0, 'loss_limit_6m': 60.0, 'profit_limit_3m': 30.0, 'loss_limit_3m': 20.0, 'profit_limit_0m': 10.0, 'loss_limit_0m': 20.0, 'equity_symbol': 'TSLA', 'equity_allocation': 65, 'leap_allocation': 25, 'leap_delta': 0.6, 'leap_expiration_months': 18}",2142.92,67.95,81.63,0.98,420,2242916.69,1484.26298,73.63221706393298,658.6570200000001,True,,TSLA,65,25,0.6,18
"{'start_date': '2020-01-01', 'end_date': '2025-12-31', 'initial_capital': 100000, 'use_simulation': False, 'monthly_withdrawal': 0, 'use_wheel_strategy': False, 'wheel_allocation': 0, 'wheel_ma_short': 10, 'wheel_ma_long': 30, 'rebalance_delta': 5.0, 'equity_down_trigger': 10.0, 'equity_up_trigger': 15.0, 'profit_limit_6m': 100.0, 'loss_limit_6m': 60.0, 'profit_limit_3m': 30.0, 'loss_limit_3m': 20.0, 'profit_limit_0m': 10.0, 'loss_limit_0m': 20.0, 'equity_symbol': 'TSLA', 'equity_allocation': 65, 'leap_allocation': 25, 'leap_delta': 0.6, 'leap_expiration_months': 12}",3222.81,79.33,84.26,1.04,444,3322809.16,1484.26298,73.63221706393298,1738.54702,True,,TSLA,65,25,0.6,12
"{'start_date': '2020-01-01', 'end_date': '2025-12-31', 'initial_capital': 100000, 'use_simulation': False, 'monthly_withdrawal': 0, 'use_wheel_strategy': False, 'wheel_allocation': 0, 'wheel_ma_short': 10, 'wheel_ma_long': 30, 'rebalance_delta': 5.0, 'equity_down_trigger': 10.0, 'equity_up_trigger': 15.0, 'profit_limit_6m': 100.0, 'loss_limit_6m': 60.0, 'profit_limit_3m': 30.0, 'loss_limit_3m': 20.0, 'profit_limit_0m': 10.0, 'loss_limit_0m': 20.0, 'equity_symbol': 'QQQ', 'equity_allocation': 60, 'leap_allocation': 30, 'leap_delta': 0.4, 'leap_expiration_months': 12}",2834.7,75.65,72.32,1.08,440,2934698.27,196.97448999999997,35.11871775714272,2637.7255099999998,True,,QQQ,60,30,0.4,12
"{'start_date': '2020-01-01', 'end_date': '2025-12-31', 'initial_capital': 100000, 'use_simulation': False, 'monthly_withdrawal': 0, 'use_wheel_strategy': False, 'wheel_allocation': 0, 'wheel_ma_short': 10, 'wheel_ma_long': 30, 'rebalance_delta': 5.0, 'equity_down_trigger': 10.0, 'equity_up_trigger': 15.0, 'profit_limit_6m': 100.0, 'loss_limit_6m': 60.0, 'profit_limit_3m': 30.0, 'loss_limit_3m': 20.0, 'profit_limit_0m': 10.0, 'loss_limit_0m': 20.0, 'equity_symbol': 'QQQ', 'equity_allocation': 60, 'leap_allocation': 30, 'leap_delta': 0.4, 'leap_expiration_months': 18}",2552.71,72.72,62.74,1.07,387,2652709.65,196.97448999999997,35.11871775714272,2355.73551,True,,QQQ,60,30,0.4,18
"{'start_date': '2020-01-01', 'end_date': '2025-12-31', 'initial_capital': 100000, 'use_simulation': False, 'monthly_withdrawal': 0, 'use_wheel_strategy': False, 'wheel_allocation': 0, 'wheel_ma_short': 10, 'wheel_ma_long': 30, 'rebalance_delta': 5.0, 'equity_down_trigger': 10.0, 'equity_up_trigger': 15.0, 'profit_limit_6m': 100.0, 'loss_limit_6m': 60.0, 'profit_limit_3m': 30.0, 'loss_limit_3m': 20.0, 'profit_limit_0m': 10.0, 'loss_limit_0m': 20.0, 'equity_symbol': 'QQQ', 'equity_allocation': 60, 'leap_allocation': 30, 'leap_delta': 0.5, 'leap_expiration_months': 12}",3569.8,82.32,66.73,1.16,354,3669800.09,196.97445,35.1187233426223,3372.82555,True,,QQQ,60,30,0.5,12
"{'start_date': '2020-01-01', 'end_date': '2025-12-31', 'initial_capital': 100000, 'use_simulation': False, 'monthly_withdrawal': 0, 'use_wheel_strategy': False, 'wheel_allocation': 0, 'wheel_ma_short': 10, 'wheel_ma_long': 30, 'rebalance_delta': 5.0, 'equity_down_trigger': 10.0, 'equity_up_trigger': 15.0, 'profit_limit_6m': 100.0, 'loss_limit_6m': 60.0, 'profit_limit_3m': 30.0, 'loss_limit_3m': 20.0, 'profit_limit_0m': 10.0, 'loss_limit_0m': 20.0, 'equity_symbol': 'QQQ', 'equity_allocation': 60, 'leap_allocation': 30, 'leap_delta': 0.5, 'leap_expiration_months': 18}",1720.08,62.2,63.59,1.03,273,1820082.94,196.97445,35.11870929988257,1523.10555,True,,QQQ,60,30,0.5,18
"{'start_date': '2020-01-01', 'end_date': '2025-12-31', 'initial_capital': 100000, 'use_simulation': False, 'monthly_withdrawal': 0, 'use_wheel_strategy': False, 'wheel_allocation': 0, 'wheel_ma_short': 10, 'wheel_ma_long': 30, 'rebalance_delta': 5.0, 'equity_down_trigger': 10.0, 'equity_up_trigger': 15.0, 'profit_limit_6m': 100.0, 'loss_limit_6m': 60.0, 'profit_limit_3m': 30.0, 'loss_limit_3m': 20.0, 'profit_limit_0m': 10.0, 'loss_limit_0m': 20.0, 'equity_symbol': 'QQQ', 'equity_allocation': 60, 'leap_allocation': 30, 'leap_delta': 0.6, 'leap_expiration_months': 12}",1572.48,59.93,65.08,1.08,257,1672484.59,196.97448999999997,35.11871775714272,1375.50551,True,,QQQ,60,30,0.6,12
"{'start_date': '2020-01-01', 'end_date': '2025-12-31', 'initial_capital': 100000, 'use_simulation': False, 'monthly_withdrawal': 0, 'use_wheel_strategy': False, 'wheel_allocation': 0, 'wheel_ma_short': 10, 'wheel_ma_long': 30, 'rebalance_delta': 5.0, 'equity_down_trigger': 10.0, 'equity_up_trigger': 15.0, 'profit_limit_6m': 100.0, 'loss_limit_6m': 60.0, 'profit_limit_3m': 30.0, 'loss_limit_3m': 20.0, 'profit_limit_0m': 10.0, 'loss_limit_0m': 20.0, 'equity_symbol': 'QQQ', 'equity_allocation': 60, 'leap_allocation': 30, 'leap_delta': 0.6, 'leap_expiration_months': 18}",1369.7,56.52,61.11,1.03,209,1469701.68,196.97448999999997,35.11871775714272,1172.72551,True,,QQQ,60,30,0.6,18
"{'start_date': '2020-01-01', 'end_date': '2025-12-31', 'initial_capital': 100000, 'use_simulation': False, 'monthly_withdrawal': 0, 'use_wheel_strategy': False, 'wheel_allocation': 0, 'wheel_ma_short': 10, 'wheel_ma_long': 30, 'rebalance_delta': 5.0, 'equity_down_trigger': 10.0, 'equity_up_trigger': 15.0, 'profit_limit_6m': 100.0, 'loss_limit_6m': 60.0, 'profit_limit_3m': 30.0, 'loss_limit_3m': 20.0, 'profit_limit_0m': 10.0, 'loss_limit_0m': 20.0, 'equity_symbol': 'QQQ', 'equity_allocation': 60, 'leap_allocation': 35, 'leap_delta': 0.4, 'leap_expiration_months': 12}",3801.26,84.19,79.41,1.1,509,3901258.04,196.97445,35.1187233426223,3604.28555,True,,QQQ,60,35,0.4,12
"{'start_date': '2020-01-01', 'end_date': '2025-12-31', 'initial_capital': 100000, 'use_simulation': False, 'monthly_withdrawal': 0, 'use_wheel_strategy': False, 'wheel_allocation': 0, 'wheel_ma_short': 10, 'wheel_ma_long': 30, 'rebalance_delta': 5.0, 'equity_down_trigger': 10.0, 'equity_up_trigger': 15.0, 'profit_limit_6m': 100.0, 'loss_limit_6m': 60.0, 'profit_limit_3m': 30.0, 'loss_limit_3m': 20.0, 'profit_limit_0m': 10.0, 'loss_limit_0m': 20.0, 'equity_symbol': 'QQQ', 'equity_allocation': 60, 'leap_allocation': 35, 'leap_delta': 0.4, 'leap_expiration_months': 18}",3656.27,83.03,68.51,1.07,475,3756272.71,196.97445,35.11870929988257,3459.29555,True,,QQQ,60,35,0.4,18
"{'start_date': '2020-01-01', 'end_date': '2025-12-31', 'initial_capital': 100000, 'use_simulation': False, 'monthly_withdrawal': 0, 'use_wheel_strategy': False, 'wheel_allocation': 0, 'wheel_ma_short': 10, 'wheel_ma_long': 30, 'rebalance_delta': 5.0, 'equity_down_trigger': 10.0, 'equity_up_trigger': 15.0, 'profit_limit_6m': 100.0, 'loss_limit_6m': 60.0, 'profit_limit_3m': 30.0, 'loss_limit_3m': 20.0, 'profit_limit_0m': 10.0, 'loss_limit_0m': 20.0, 'equity_symbol': 'QQQ', 'equity_allocation': 60, 'leap_allocation': 35, 'leap_delta': 0.5, 'leap_expiration_months': 18}",2451.5,71.6,69.57,1.06,339,2551501.51,196.97448999999997,35.11871775714272,2254.52551,True,,QQQ,60,35,0.5,18
"{'start_date': '2020-01-01', 'end_date': '2025-12-31', 'initial_capital': 100000, 'use_simulation': False, 'monthly_withdrawal': 0, 'use_wheel_strategy': False, 'wheel_allocation': 0, 'wheel_ma_short': 10, 'wheel_ma_long': 30, 'rebalance_delta': 5.0, 'equity_down_trigger': 10.0, 'equity_up_trigger': 15.0, 'profit_limit_6m': 100.0, 'loss_limit_6m': 60.0, 'profit_limit_3m': 30.0, 'loss_limit_3m': 20.0, 'profit_limit_0m': 10.0, 'loss_limit_0m': 20.0, 'equity_symbol': 'QQQ', 'equity_allocation': 60, 'leap_allocation': 35, 'leap_delta': 0.5, 'leap_expiration_months': 12}",5221.8,93.97,71.92,1.18,432,5321804.71,196.97448999999997,35.11871775714272,5024.825510000001,True,,QQQ,60,35,0.5,12
"{'start_date': '2020-01-01', 'end_date': '2025-12-31', 'initial_capital': 100000, 'use_simulation': False, 'monthly_withdrawal': 0, 'use_wheel_strategy': False, 'wheel_allocation': 0, 'wheel_ma_short': 10, 'wheel_ma_long': 30, 'rebalance_delta': 5.0, 'equity_down_trigger': 10.0, 'equity_up_trigger': 15.0, 'profit_limit_6m': 100.0, 'loss_limit_6m': 60.0, 'profit_limit_3m': 30.0, 'loss_limit_3m': 20.0, 'profit_limit_0m': 10.0, 'loss_limit_0m': 20.0, 'equity_symbol': 'QQQ', 'equity_allocation': 60, 'leap_allocation': 35, 'leap_delta': 0.6, 'leap_expiration_months': 12}",2302.72,69.89,67.57,1.11,303,2402723.42,196.97445,35.1187233426223,2105.7455499999996,True,,QQQ,60,35,0.6,12
"{'start_date': '2020-01-01', 'end_date': '2025-12-31', 'initial_capital': 100000, 'use_simulation': False, 'monthly_withdrawal': 0, 'use_wheel_strategy': False, 'wheel_allocation': 0, 'wheel_ma_short': 10, 'wheel_ma_long': 30, 'rebalance_delta': 5.0, 'equity_down_trigger': 10.0, 'equity_up_trigger': 15.0, 'profit_limit_6m': 100.0, 'loss_limit_6m': 60.0, 'profit_limit_3m': 30.0, 'loss_limit_3m': 20.0, 'profit_limit_0m': 10.0, 'loss_limit_0m': 20.0, 'equity_symbol': 'QQQ', 'equity_allocation': 60, 'leap_allocation': 35, 'leap_delta': 0.6, 'leap_expiration_months': 18}",1682.74,61.65,66.82,1.03,251,1782741.55,196.97445,35.11870929988257,1485.76555,True,,QQQ,60,35,0.6,18
"{'start_date': '2020-01-01', 'end_date': '2025-12-31', 'initial_capital': 100000, 'use_simulation': False, 'monthly_withdrawal': 0, 'use_wheel_strategy': False, 'wheel_allocation': 0, 'wheel_ma_short': 10, 'wheel_ma_long': 30, 'rebalance_delta': 5.0, 'equity_down_trigger': 10.0, 'equity_up_trigger': 15.0, 'profit_limit_6m': 100.0, 'loss_limit_6m': 60.0, 'profit_limit_3m': 30.0, 'loss_limit_3m': 20.0, 'profit_limit_0m': 10.0, 'loss_limit_0m': 20.0, 'equity_symbol': 'QQQ', 'equity_allocation': 50, 'leap_allocation': 35, 'leap_delta': 0.4, 'leap_expiration_months': 12}",3460.87,81.41,76.76,1.09,480,3560867.0,196.97448999999997,35.11871775714272,3263.89551,True,,QQQ,50,35,0.4,12
"{'start_date': '2020-01-01', 'end_date': '2025-12-31', 'initial_capital': 100000, 'use_simulation': False, 'monthly_withdrawal': 0, 'use_wheel_strategy': False, 'wheel_allocation': 0, 'wheel_ma_short': 10, 'wheel_ma_long': 30, 'rebalance_delta': 5.0, 'equity_down_trigger': 10.0, 'equity_up_trigger': 15.0, 'profit_limit_6m': 100.0, 'loss_limit_6m': 60.0, 'profit_limit_3m': 30.0, 'loss_limit_3m': 20.0, 'profit_limit_0m': 10.0, 'loss_limit_0m': 20.0, 'equity_symbol': 'QQQ', 'equity_allocation': 50, 'leap_allocation': 35, 'leap_delta': 0.4, 'leap_expiration_months': 18}",3111.13,78.31,66.4,1.06,427,3211125.33,196.97448999999997,35.11871775714272,2914.15551,True,,QQQ,50,35,0.4,18
"{'start_date': '2020-01-01', 'end_date': '2025-12-31', 'initial_capital': 100000, 'use_simulation': False, 'monthly_withdrawal': 0, 'use_wheel_strategy': False, 'wheel_allocation': 0, 'wheel_ma_short': 10, 'wheel_ma_long': 30, 'rebalance_delta': 5.0, 'equity_down_trigger': 10.0, 'equity_up_trigger': 15.0, 'profit_limit_6m': 100.0, 'loss_limit_6m': 60.0, 'profit_limit_3m': 30.0, 'loss_limit_3m': 20.0, 'profit_limit_0m': 10.0, 'loss_limit_0m': 20.0, 'equity_symbol': 'QQQ', 'equity_allocation': 50, 'leap_allocation': 35, 'leap_delta': 0.5, 'leap_expiration_months': 12}",5049.57,92.91,69.43,1.17,387,5149567.66,196.97445,35.1187233426223,4852.59555,True,,QQQ,50,35,0.5,12
"{'start_date': '2020-01-01', 'end_date': '2025-12-31', 'initial_capital': 100000, 'use_simulation': False, 'monthly_withdrawal': 0, 'use_wheel_strategy': False, 'wheel_allocation': 0, 'wheel_ma_short': 10, 'wheel_ma_long': 30, 'rebalance_delta': 5.0, 'equity_down_trigger': 10.0, 'equity_up_trigger': 15.0, 'profit_limit_6m': 100.0, 'loss_limit_6m': 60.0, 'profit_limit_3m': 30.0, 'loss_limit_3m': 20.0, 'profit_limit_0m': 10.0, 'loss_limit_0m': 20.0, 'equity_symbol': 'QQQ', 'equity_allocation': 50, 'leap_allocation': 35, 'leap_delta': 0.5, 'leap_expiration_months': 18}",2054.26,66.83,68.0,1.04,324,2154261.23,196.97445,35.11870929988257,1857.2855500000003,True,,QQQ,50,35,0.5,18
"{'start_date': '2020-01-01', 'end_date': '2025-12-31', 'initial_capital': 100000, 'use_simulation': False, 'monthly_withdrawal': 0, 'use_wheel_strategy': False, 'wheel_allocation': 0, 'wheel_ma_short': 10, 'wheel_ma_long': 30, 'rebalance_delta': 5.0, 'equity_down_trigger': 10.0, 'equity_up_trigger': 15.0, 'profit_limit_6m': 100.0, 'loss_limit_6m': 60.0, 'profit_limit_3m': 30.0, 'loss_limit_3m': 20.0, 'profit_limit_0m': 10.0, 'loss_limit_0m': 20.0, 'equity_symbol': 'QQQ', 'equity_allocation': 50, 'leap_allocation': 35, 'leap_delta': 0.6, 'leap_expiration_months': 12}",2003.94,66.17,66.79,1.09,292,2103943.63,196.97448999999997,35.11871775714272,1806.96551,True,,QQQ,50,35,0.6,12
"{'start_date': '2020-01-01', 'end_date': '2025-12-31', 'initial_capital': 100000, 'use_simulation': False, 'monthly_withdrawal': 0, 'use_wheel_strategy': False, 'wheel_allocation': 0, 'wheel_ma_short': 10, 'wheel_ma_long': 30, 'rebalance_delta': 5.0, 'equity_down_trigger': 10.0, 'equity_up_trigger': 15.0, 'profit_limit_6m': 100.0, 'loss_limit_6m': 60.0, 'profit_limit_3m': 30.0, 'loss_limit_3m': 20.0, 'profit_limit_0m': 10.0, 'loss_limit_0m': 20.0, 'equity_symbol': 'QQQ', 'equity_allocation': 50, 'leap_allocation': 35, 'leap_delta': 0.6, 'leap_expiration_months': 18}",1484.55,58.5,65.3,1.02,223,1584546.41,196.97448999999997,35.11871775714272,1287.57551,True,,QQQ,50,35,0.6,18
"{'start_date': '2020-01-01', 'end_date': '2025-12-31', 'initial_capital': 100000, 'use_simulation': False, 'monthly_withdrawal': 0, 'use_wheel_strategy': False, 'wheel_allocation': 0, 'wheel_ma_short': 10, 'wheel_ma_long': 30, 'rebalance_delta': 5.0, 'equity_down_trigger': 10.0, 'equity_up_trigger': 15.0, 'profit_limit_6m': 100.0, 'loss_limit_6m': 60.0, 'profit_limit_3m': 30.0, 'loss_limit_3m': 20.0, 'profit_limit_0m': 10.0, 'loss_limit_0m': 20.0, 'equity_symbol': 'QQQ', 'equity_allocation': 65, 'leap_allocation': 25, 'leap_delta': 0.4, 'leap_expiration_months': 12}",2115.89,67.61,66.76,1.07,388,2215888.84,196.97445,35.1187233426223,1918.91555,True,,QQQ,65,25,0.4,12
"{'start_date': '2020-01-01', 'end_date': '2025-12-31', 'initial_capital': 100000, 'use_simulation': False, 'monthly_withdrawal': 0, 'use_wheel_strategy': False, 'wheel_allocation': 0, 'wheel_ma_short': 10, 'wheel_ma_long': 30, 'rebalance_delta': 5.0, 'equity_down_trigger': 10.0, 'equity_up_trigger': 15.0, 'profit_limit_6m': 100.0, 'loss_limit_6m': 60.0, 'profit_limit_3m': 30.0, 'loss_limit_3m': 20.0, 'profit_limit_0m': 10.0, 'loss_limit_0m': 20.0, 'equity_symbol': 'QQQ', 'equity_allocation': 65, 'leap_allocation': 25, 'leap_delta': 0.4, 'leap_expiration_months': 18}",2144.45,67.97,57.11,1.09,363,2244451.25,196.97445,35.11870929988257,1947.4755499999999,True,,QQQ,65,25,0.4,18
"{'start_date': '2020-01-01', 'end_date': '2025-12-31', 'initial_capital': 100000, 'use_simulation': False, 'monthly_withdrawal': 0, 'use_wheel_strategy': False, 'wheel_allocation': 0, 'wheel_ma_short': 10, 'wheel_ma_long': 30, 'rebalance_delta': 5.0, 'equity_down_trigger': 10.0, 'equity_up_trigger': 15.0, 'profit_limit_6m': 100.0, 'loss_limit_6m': 60.0, 'profit_limit_3m': 30.0, 'loss_limit_3m': 20.0, 'profit_limit_0m': 10.0, 'loss_limit_0m': 20.0, 'equity_symbol': 'QQQ', 'equity_allocation': 65, 'leap_allocation': 25, 'leap_delta': 0.5, 'leap_expiration_months': 12}",2641.3,73.67,62.77,1.17,299,2741299.16,196.97448999999997,35.11871775714272,2444.32551,True,,QQQ,65,25,0.5,12
"{'start_date': '2020-01-01', 'end_date': '2025-12-31', 'initial_capital': 100000, 'use_simulation': False, 'monthly_withdrawal': 0, 'use_wheel_strategy': False, 'wheel_allocation': 0, 'wheel_ma_short': 10, 'wheel_ma_long': 30, 'rebalance_delta': 5.0, 'equity_down_trigger': 10.0, 'equity_up_trigger': 15.0, 'profit_limit_6m': 100.0, 'loss_limit_6m': 60.0, 'profit_limit_3m': 30.0, 'loss_limit_3m': 20.0, 'profit_limit_0m': 10.0, 'loss_limit_0m': 20.0, 'equity_symbol': 'QQQ', 'equity_allocation': 65, 'leap_allocation': 25, 'leap_delta': 0.5, 'leap_expiration_months': 18}",1227.4,53.89,58.25,1.03,234,1327395.19,196.97448999999997,35.11871775714272,1030.42551,True,,QQQ,65,25,0.5,18
"{'start_date': '2020-01-01', 'end_date': '2025-12-31', 'initial_capital': 100000, 'use_simulation': False, 'monthly_withdrawal': 0, 'use_wheel_strategy': False, 'wheel_allocation': 0, 'wheel_ma_short': 10, 'wheel_ma_long': 30, 'rebalance_delta': 5.0, 'equity_down_trigger': 10.0, 'equity_up_trigger': 15.0, 'profit_limit_6m': 100.0, 'loss_limit_6m': 60.0, 'profit_limit_3m': 30.0, 'loss_limit_3m': 20.0, 'profit_limit_0m': 10.0, 'loss_limit_0m': 20.0, 'equity_symbol': 'QQQ', 'equity_allocation': 65, 'leap_allocation': 25, 'leap_delta': 0.6, 'leap_expiration_months': 12}",1232.75,53.99,60.55,1.07,221,1332750.19,196.97445,35.1187233426223,1035.77555,True,,QQQ,65,25,0.6,12
"{'start_date': '2020-01-01', 'end_date': '2025-12-31', 'initial_capital': 100000, 'use_simulation': False, 'monthly_withdrawal': 0, 'use_wheel_strategy': False, 'wheel_allocation': 0, 'wheel_ma_short': 10, 'wheel_ma_long': 30, 'rebalance_delta': 5.0, 'equity_down_trigger': 10.0, 'equity_up_trigger': 15.0, 'profit_limit_6m': 100.0, 'loss_limit_6m': 60.0, 'profit_limit_3m': 30.0, 'loss_limit_3m': 20.0, 'profit_limit_0m': 10.0, 'loss_limit_0m': 20.0, 'equity_symbol': 'QQQ', 'equity_allocation': 65, 'leap_allocation': 25, 'leap_delta': 0.6, 'leap_expiration_months': 18}",1047.75,50.2,57.13,1.03,179,1147748.87,196.97445,35.11870929988257,850.7755500000001,True,,QQQ,65,25,0.6,18
